{
    "loss": 3.461825132369995,
    "accuracy": 0.6012687087059021
}